movie_pic,score,movie_name,score_num,ranking
https://img3.doubanio.com/view/photo/s_ratio_poster/public/p511118051.jpg,9.4,这个杀手不太冷,891092,1
https://img3.doubanio.com/view/photo/s_ratio_poster/public/p513344864.jpg,9.3,盗梦空间,804615,2
https://img3.doubanio.com/view/photo/s_ratio_poster/public/p647099823.jpg,9.2,七武士,78407,3
https://img3.doubanio.com/view/photo/s_ratio_poster/public/p1910825503.jpg,9.1,指环王3：王者无敌,298424,4
https://img1.doubanio.com/view/photo/s_ratio_poster/public/p1910926158.jpg,9.0,搏击俱乐部,418833,5
https://img3.doubanio.com/view/photo/s_ratio_poster/public/p462657443.jpg,9.0,蝙蝠侠：黑暗骑士,341850,6
https://img3.doubanio.com/view/photo/s_ratio_poster/public/p2248676081.jpg,9.0,将军号,7934,7
https://img3.doubanio.com/view/photo/s_ratio_poster/public/p1280323646.jpg,8.9,大话西游之月光宝盒,420083,8
https://img3.doubanio.com/view/photo/s_ratio_poster/public/p1354436051.jpg,8.9,指环王1：魔戒再现,314506,9
https://img3.doubanio.com/view/photo/s_ratio_poster/public/p909265336.jpg,8.9,指环王2：双塔奇兵,281335,10
https://img3.doubanio.com/view/photo/s_ratio_poster/public/p1910922395.jpg,8.9,攻壳机动队,60828,11
https://img3.doubanio.com/view/photo/s_ratio_poster/public/p1465235231.jpg,8.8,V字仇杀队,436636,12
https://img3.doubanio.com/view/photo/s_ratio_poster/public/p1374546770.jpg,8.8,勇敢的心,303199,13
https://img3.doubanio.com/view/photo/s_ratio_poster/public/p1910908765.jpg,8.8,黑客帝国,290452,14
https://img3.doubanio.com/view/photo/s_ratio_poster/public/p1613191025.jpg,8.8,幽灵公主,241579,15
https://img3.doubanio.com/view/photo/s_ratio_poster/public/p2324366931.jpg,8.8,乱,33868,16
https://img3.doubanio.com/view/photo/s_ratio_poster/public/p2163659004.jpg,8.8,用心棒,14254,17
https://img3.doubanio.com/view/photo/s_ratio_poster/public/p2376777385.jpg,8.8,桥,11771,18
https://img3.doubanio.com/view/photo/s_ratio_poster/public/p2183431945.jpg,8.8,攻壳机动队SSS,9591,19
https://img1.doubanio.com/view/photo/s_ratio_poster/public/p1512562287.jpg,8.7,让子弹飞,640364,20
https://img1.doubanio.com/view/photo/s_ratio_poster/public/p792223507.jpg,8.7,谍影重重3,182802,21
https://img1.doubanio.com/view/photo/s_ratio_poster/public/p2459107299.jpg,8.7,纵横四海,146357,22
https://img3.doubanio.com/view/photo/s_ratio_poster/public/p792502535.jpg,8.7,东邪西毒：终极版,93267,23
https://img3.doubanio.com/view/photo/s_ratio_poster/public/p858211193.jpg,8.7,精英部队2：大敌当前,45575,24
https://img3.doubanio.com/view/photo/s_ratio_poster/public/p1185327352.jpg,8.7,黑客帝国动画版,31002,25
https://img3.doubanio.com/view/photo/s_ratio_poster/public/p1771403296.jpg,8.7,蝙蝠侠：黑暗骑士归来(下),15739,26
https://img1.doubanio.com/view/photo/s_ratio_poster/public/p2346574759.jpg,8.7,椿三十郎,8525,27
https://img3.doubanio.com/view/photo/s_ratio_poster/public/p1502753803.jpg,8.7,铁达尼号沉没记,4922,28
https://img1.doubanio.com/view/photo/s_ratio_poster/public/p2180085848.jpg,8.6,阿凡达,537898,29
https://img1.doubanio.com/view/photo/s_ratio_poster/public/p2224568669.jpg,8.6,超能陆战队,369015,30
https://img3.doubanio.com/view/photo/s_ratio_poster/public/p1596085504.jpg,8.6,加勒比海盗,352168,31
https://img3.doubanio.com/view/photo/s_ratio_poster/public/p1982176012.jpg,8.6,东邪西毒,253059,32
https://img1.doubanio.com/view/photo/s_ratio_poster/public/p2504997087.jpg,8.6,英雄本色,164363,33
https://img3.doubanio.com/view/photo/s_ratio_poster/public/p1538646661.jpg,8.6,枪火,98624,34
https://img3.doubanio.com/view/photo/s_ratio_poster/public/p2257314914.jpg,8.6,小萝莉的猴神大叔,73527,35
https://img3.doubanio.com/view/photo/s_ratio_poster/public/p456777022.jpg,8.6,恶童,48154,36
https://img1.doubanio.com/view/photo/s_ratio_poster/public/p453745659.jpg,8.6,宾虚,19225,37
https://img3.doubanio.com/view/photo/s_ratio_poster/public/p1609250116.jpg,8.6,敲开天堂的门,9144,38
https://img1.doubanio.com/view/photo/s_ratio_poster/public/p2209784767.jpg,8.6,西线无战事,7417,39
https://img1.doubanio.com/view/photo/s_ratio_poster/public/p1729769888.jpg,8.6,碧血金沙,3957,40
https://img3.doubanio.com/view/photo/s_ratio_poster/public/p453769222.jpg,8.6,落叶,3832,41
https://img3.doubanio.com/view/photo/s_ratio_poster/public/p1706428744.jpg,8.5,蝙蝠侠：黑暗骑士崛起,295197,42
https://img1.doubanio.com/view/photo/s_ratio_poster/public/p1959232369.jpg,8.5,被解救的姜戈,258656,43
https://img3.doubanio.com/view/photo/s_ratio_poster/public/p2236181653.jpg,8.5,疯狂的麦克斯4：狂暴之路,207276,44
https://img3.doubanio.com/view/photo/s_ratio_poster/public/p1597183981.jpg,8.5,谍影重重,191460,45
https://img1.doubanio.com/view/photo/s_ratio_poster/public/p1421018669.jpg,8.5,新龙门客栈,182025,46
https://img3.doubanio.com/view/photo/s_ratio_poster/public/p667644866.jpg,8.5,谍影重重2,158934,47
https://img1.doubanio.com/view/photo/s_ratio_poster/public/p443461818.jpg,8.5,黑客帝国3：矩阵革命,154328,48
https://img3.doubanio.com/view/photo/s_ratio_poster/public/p636048104.jpg,8.5,勇闯夺命岛,141307,49
https://img3.doubanio.com/view/photo/s_ratio_poster/public/p1910909085.jpg,8.5,终结者2：审判日,140190,50
https://img3.doubanio.com/view/photo/s_ratio_poster/public/p1910900710.jpg,8.5,黑鹰坠落,108903,51
https://img3.doubanio.com/view/photo/s_ratio_poster/public/p1374588202.jpg,8.5,启示,45632,52
https://img3.doubanio.com/view/photo/s_ratio_poster/public/p1483943303.jpg,8.5,午夜狂奔,8187,53
https://img3.doubanio.com/view/photo/s_ratio_poster/public/p2187846310.jpg,8.5,大菩萨岭,5283,54
https://img3.doubanio.com/view/photo/s_ratio_poster/public/p456518164.jpg,8.5,兽兵卫忍风帖,4798,55
https://img3.doubanio.com/view/photo/s_ratio_poster/public/p453460950.jpg,8.5,盗信情缘,3654,56
https://img3.doubanio.com/view/photo/s_ratio_poster/public/p2230024255.jpg,8.5,死亡的游戏,2084,57
https://img1.doubanio.com/view/photo/s_ratio_poster/public/p1872222989.jpg,8.5,通往自由的通道,1625,58
https://img3.doubanio.com/view/photo/s_ratio_poster/public/p2466653393.jpg,8.5,笔中情,1102,59
https://img3.doubanio.com/view/photo/s_ratio_poster/public/p2231932406.jpg,8.4,王牌特工：特工学院,345638,60
https://img3.doubanio.com/view/photo/s_ratio_poster/public/p2173855883.jpg,8.4,变脸,213302,61
https://img3.doubanio.com/view/photo/s_ratio_poster/public/p898634801.jpg,8.4,速度与激情5,213102,62
https://img3.doubanio.com/view/photo/s_ratio_poster/public/p459054512.jpg,8.4,黑客帝国2：重装上阵,142685,63
https://img1.doubanio.com/view/photo/s_ratio_poster/public/p2173716829.jpg,8.4,罪恶之城,136079,64
https://img3.doubanio.com/view/photo/s_ratio_poster/public/p1601948450.jpg,8.4,角斗士,125086,65
https://img1.doubanio.com/view/photo/s_ratio_poster/public/p2001994907.jpg,8.4,暗战,115469,66
https://img1.doubanio.com/view/photo/s_ratio_poster/public/p1349162079.jpg,8.4,神探,107461,67
https://img1.doubanio.com/view/photo/s_ratio_poster/public/p1075586949.jpg,8.4,黄海,82274,68
https://img3.doubanio.com/view/photo/s_ratio_poster/public/p1971419890.jpg,8.4,王牌对王牌,65539,69
https://img3.doubanio.com/view/photo/s_ratio_poster/public/p2193849510.jpg,8.4,盗火线,65521,70
https://img3.doubanio.com/view/photo/s_ratio_poster/public/p2204678296.jpg,8.4,精武门,15118,71
https://img3.doubanio.com/view/photo/s_ratio_poster/public/p1557229084.jpg,8.4,杀死比尔整个血腥事件,10747,72
https://img1.doubanio.com/view/photo/s_ratio_poster/public/p647422117.jpg,8.4,蜘蛛巢城,8981,73
https://img1.doubanio.com/view/photo/s_ratio_poster/public/p2374380368.jpg,8.4,侠女,7906,74
https://img1.doubanio.com/view/photo/s_ratio_poster/public/p2204586557.jpg,8.4,最长的一天,7180,75
https://img3.doubanio.com/view/photo/s_ratio_poster/public/p709489485.jpg,8.4,红线,3990,76
https://img3.doubanio.com/view/photo/s_ratio_poster/public/p700027492.jpg,8.4,飞行器里的好小伙，或我是怎样花25小时11分从伦敦飞到巴黎,3577,77
https://img3.doubanio.com/view/photo/s_ratio_poster/public/p1690617156.jpg,8.4,福禄双霸天,1782,78
https://img3.doubanio.com/view/photo/s_ratio_poster/public/p1845500552.jpg,8.4,忍者小英雄,1061,79
https://img1.doubanio.com/view/photo/s_ratio_poster/public/p2233706697.jpg,8.3,速度与激情7,262462,80
https://img3.doubanio.com/view/photo/s_ratio_poster/public/p2431980130.jpg,8.3,金刚狼3：殊死一战,230989,81
https://img3.doubanio.com/view/photo/s_ratio_poster/public/p958008320.jpg,8.3,无间道2,160651,82
https://img3.doubanio.com/view/photo/s_ratio_poster/public/p1361412292.jpg,8.3,买凶拍人,93740,83
https://img3.doubanio.com/view/photo/s_ratio_poster/public/p449619623.jpg,8.3,热血警探,88511,84
https://img3.doubanio.com/view/photo/s_ratio_poster/public/p838966341.jpg,8.3,笑傲江湖2：东方不败,86555,85
https://img3.doubanio.com/view/photo/s_ratio_poster/public/p732941361.jpg,8.3,星球大战,63040,86
https://img1.doubanio.com/view/photo/s_ratio_poster/public/p1173371709.jpg,8.3,太极旗飘扬,53181,87
https://img1.doubanio.com/view/photo/s_ratio_poster/public/p460797308.jpg,8.3,天国王朝,47530,88
https://img3.doubanio.com/view/photo/s_ratio_poster/public/p732934345.jpg,8.3,星球大战3：绝地归来,45631,89
https://img3.doubanio.com/view/photo/s_ratio_poster/public/p2211804326.jpg,8.3,喋血双雄,37064,90
https://img1.doubanio.com/view/photo/s_ratio_poster/public/p1929459409.jpg,8.3,一个字头的诞生,31384,91
https://img3.doubanio.com/view/photo/s_ratio_poster/public/p2178157710.jpg,8.3,荒野大镖客,20759,92
https://img3.doubanio.com/view/photo/s_ratio_poster/public/p711283071.jpg,8.3,阿基拉,20287,93
https://img3.doubanio.com/view/photo/s_ratio_poster/public/p2043193073.jpg,8.3,正义联盟：闪点悖论,10954,94
https://img1.doubanio.com/view/photo/s_ratio_poster/public/p966600647.jpg,8.3,日落黄沙,4771,95
https://img1.doubanio.com/view/photo/s_ratio_poster/public/p812944998.jpg,8.3,胜利之光,4541,96
https://img3.doubanio.com/view/photo/s_ratio_poster/public/p2211631400.jpg,8.3,战国英豪,4012,97
https://img1.doubanio.com/view/photo/s_ratio_poster/public/p573741249.jpg,8.3,菜鸟总动员：毕业,2305,98
https://img1.doubanio.com/view/photo/s_ratio_poster/public/p2159140789.jpg,8.3,飞出个未来大电影2：万背之兽,2210,99
https://img3.doubanio.com/view/photo/s_ratio_poster/public/p2356056022.jpg,8.3,孟菲斯美女号,2063,100
https://img3.doubanio.com/view/photo/s_ratio_poster/public/p2177756215.jpg,8.3,摔角狂热 30,1025,101
https://img3.doubanio.com/view/photo/s_ratio_poster/public/p2255028780.jpg,8.2,西游记之大圣归来,377801,102
https://img1.doubanio.com/view/photo/s_ratio_poster/public/p2360940399.jpg,8.2,釜山行,366804,103
https://img1.doubanio.com/view/photo/s_ratio_poster/public/p1382432968.jpg,8.2,碟中谍4,258389,104
https://img1.doubanio.com/view/photo/s_ratio_poster/public/p2181156848.jpg,8.2,X战警：逆转未来,254520,105
https://img1.doubanio.com/view/photo/s_ratio_poster/public/p1086352249.jpg,8.2,第九区,227316,106
https://img3.doubanio.com/view/photo/s_ratio_poster/public/p2219406504.jpg,8.2,霍比特人3：五军之战,196051,107
https://img3.doubanio.com/view/photo/s_ratio_poster/public/p2166784595.jpg,8.2,霍比特人2：史矛革之战,195622,108
https://img3.doubanio.com/view/photo/s_ratio_poster/public/p1563566300.jpg,8.2,蝙蝠侠：侠影之谜,139710,109
https://img3.doubanio.com/view/photo/s_ratio_poster/public/p1595764830.jpg,8.2,飓风营救,130242,110
https://img3.doubanio.com/view/photo/s_ratio_poster/public/p533908031.jpg,8.2,星球大战前传3：西斯的复仇,54909,111
https://img3.doubanio.com/view/photo/s_ratio_poster/public/p2431081842.jpg,8.2,精武英雄,53015,112
https://img3.doubanio.com/view/photo/s_ratio_poster/public/p847639662.jpg,8.2,星球大战2：帝国反击战,49158,113
https://img1.doubanio.com/view/photo/s_ratio_poster/public/p2221176547.jpg,8.2,最终幻想7：圣子降临,40433,114
https://img3.doubanio.com/view/photo/s_ratio_poster/public/p874655660.jpg,8.2,雌雄大盗,23564,115
https://img3.doubanio.com/view/photo/s_ratio_poster/public/p2191163236.jpg,8.2,猛龙过江,18137,116
https://img1.doubanio.com/view/photo/s_ratio_poster/public/p2198650728.jpg,8.2,追捕,16604,117
https://img1.doubanio.com/view/photo/s_ratio_poster/public/p1971441788.jpg,8.2,卡桑德拉大桥,14846,118
https://img1.doubanio.com/view/photo/s_ratio_poster/public/p2164031149.jpg,8.2,蝙蝠侠：红影迷踪,6620,119
https://img3.doubanio.com/view/photo/s_ratio_poster/public/p2026621551.jpg,8.2,白色严冬,6577,120
https://img3.doubanio.com/view/photo/s_ratio_poster/public/p1899389314.jpg,8.2,奏鸣曲,6467,121
https://img1.doubanio.com/view/photo/s_ratio_poster/public/p2153740677.jpg,8.2,老人Z,5351,122
https://img1.doubanio.com/view/photo/s_ratio_poster/public/p875109798.jpg,8.2,关山飞渡,4529,123
https://img3.doubanio.com/view/photo/s_ratio_poster/public/p1137689394.jpg,8.2,机动警察剧场版1,3771,124
https://img3.doubanio.com/view/photo/s_ratio_poster/public/p1986324385.jpg,8.2,桃色血案,3630,125
https://img3.doubanio.com/view/photo/s_ratio_poster/public/p743548555.jpg,8.2,天与地,2777,126
https://img3.doubanio.com/view/photo/s_ratio_poster/public/p2200936263.jpg,8.2,迎春阁之风波,2528,127
https://img3.doubanio.com/view/photo/s_ratio_poster/public/p2359449616.jpg,8.2,战略大作战,2309,128
https://img3.doubanio.com/view/photo/s_ratio_poster/public/p2199983224.jpg,8.2,红河,1497,129
https://img3.doubanio.com/view/photo/s_ratio_poster/public/p2196201162.jpg,8.2,疤面人,1310,130
https://img3.doubanio.com/view/photo/s_ratio_poster/public/p1188042816.jpg,8.1,变形金刚,243538,131
https://img3.doubanio.com/view/photo/s_ratio_poster/public/p1716297390.jpg,8.1,霍比特人1：意外之旅,226234,132
https://img3.doubanio.com/view/photo/s_ratio_poster/public/p2455261804.jpg,8.1,银河护卫队2,202736,133
https://img3.doubanio.com/view/photo/s_ratio_poster/public/p1076822803.jpg,8.1,加勒比海盗2：聚魂棺,199960,134
https://img3.doubanio.com/view/photo/s_ratio_poster/public/p820453760.jpg,8.1,杀死比尔,195237,135
https://img1.doubanio.com/view/photo/s_ratio_poster/public/p956878707.jpg,8.1,X战警：第一战,185673,136
https://img1.doubanio.com/view/photo/s_ratio_poster/public/p1411605098.jpg,8.1,国产凌凌漆,162378,137
https://img3.doubanio.com/view/photo/s_ratio_poster/public/p1031075041.jpg,8.1,铁甲钢拳,161123,138
https://img3.doubanio.com/view/photo/s_ratio_poster/public/p453894815.jpg,8.1,罗拉快跑,152752,139
https://img1.doubanio.com/view/photo/s_ratio_poster/public/p2293405567.jpg,8.1,师父,148628,140
https://img1.doubanio.com/view/photo/s_ratio_poster/public/p1187020899.jpg,8.1,孤胆特工,119351,141
https://img1.doubanio.com/view/photo/s_ratio_poster/public/p1185211399.jpg,8.1,空中监狱,113099,142
https://img1.doubanio.com/view/photo/s_ratio_poster/public/p2408831888.jpg,8.1,真实的谎言,98584,143
https://img1.doubanio.com/view/photo/s_ratio_poster/public/p1663601927.jpg,8.1,守望者,72465,144
https://img3.doubanio.com/view/photo/s_ratio_poster/public/p1209268712.jpg,8.1,国家公敌,71902,145
https://img3.doubanio.com/view/photo/s_ratio_poster/public/p2159524495.jpg,8.1,英雄本色2,55428,146
https://img3.doubanio.com/view/photo/s_ratio_poster/public/p1617429340.jpg,8.1,虎胆龙威,47082,147
https://img3.doubanio.com/view/photo/s_ratio_poster/public/p2485300934.jpg,8.1,第一滴血,44674,148
https://img3.doubanio.com/view/photo/s_ratio_poster/public/p1673558925.jpg,8.1,怒火救援,41314,149
https://img1.doubanio.com/view/photo/s_ratio_poster/public/p2347371309.jpg,8.1,监狱风云,41191,150
https://img3.doubanio.com/view/photo/s_ratio_poster/public/p1769720671.jpg,8.1,西北偏北,39145,151
https://img3.doubanio.com/view/photo/s_ratio_poster/public/p1703183716.jpg,8.1,夺宝奇兵3,34428,152
https://img3.doubanio.com/view/photo/s_ratio_poster/public/p921876170.jpg,8.1,处刑人,33298,153
https://img3.doubanio.com/view/photo/s_ratio_poster/public/p1934400144.jpg,8.1,枪王,32986,154
https://img3.doubanio.com/view/photo/s_ratio_poster/public/p1596877271.jpg,8.1,野战排,24799,155
https://img3.doubanio.com/view/photo/s_ratio_poster/public/p887123150.jpg,8.1,爱国者,23354,156
https://img3.doubanio.com/view/photo/s_ratio_poster/public/p1329107141.jpg,8.1,喋血街头,20742,157
https://img3.doubanio.com/view/photo/s_ratio_poster/public/p2503877850.jpg,8.1,双旗镇刀客,16922,158
https://img3.doubanio.com/view/photo/s_ratio_poster/public/p575424244.jpg,8.1,爱的曝光,15929,159
https://img1.doubanio.com/view/photo/s_ratio_poster/public/p2179017609.jpg,8.1,小倩,13671,160
https://img1.doubanio.com/view/photo/s_ratio_poster/public/p581902469.jpg,8.1,龙争虎斗,11416,161
https://img1.doubanio.com/view/photo/s_ratio_poster/public/p1560626387.jpg,8.1,虎！虎！虎！,10527,162
https://img3.doubanio.com/view/photo/s_ratio_poster/public/p1219965886.jpg,8.1,遥远的桥,3680,163
https://img3.doubanio.com/view/photo/s_ratio_poster/public/p1809882654.jpg,8.1,变形金刚大电影,3374,164
https://img1.doubanio.com/view/photo/s_ratio_poster/public/p2263188547.jpg,8.1,山中传奇,3294,165
https://img3.doubanio.com/view/photo/s_ratio_poster/public/p2456704814.jpg,8.1,大饭店,2709,166
https://img3.doubanio.com/view/photo/s_ratio_poster/public/p2492869205.jpg,8.1,跳跃大搜查线：湾岸署史上最恶的3日间,2408,167
https://img1.doubanio.com/view/photo/s_ratio_poster/public/p1303858359.jpg,8.1,血染雪山堡,1786,168
https://img3.doubanio.com/view/photo/s_ratio_poster/public/p2161821786.jpg,8.1,忠烈图,1501,169
https://img3.doubanio.com/view/photo/s_ratio_poster/public/p2363491623.jpg,8.1,太秦灯光下,1208,170
https://img3.doubanio.com/view/photo/s_ratio_poster/public/p2380677316.jpg,8.0,湄公河行动,359186,171
https://img3.doubanio.com/view/photo/s_ratio_poster/public/p1524904031.jpg,8.0,复仇者联盟,322954,172
https://img1.doubanio.com/view/photo/s_ratio_poster/public/p2219011938.jpg,8.0,功夫,280660,173
https://img1.doubanio.com/view/photo/s_ratio_poster/public/p877183898.jpg,8.0,功夫熊猫2,267797,174
https://img3.doubanio.com/view/photo/s_ratio_poster/public/p2198455702.jpg,8.0,银河护卫队,248561,175
https://img1.doubanio.com/view/photo/s_ratio_poster/public/p1281402537.jpg,8.0,猩球崛起,245522,176
https://img1.doubanio.com/view/photo/s_ratio_poster/public/p2185073849.jpg,8.0,明日边缘,244821,177
https://img1.doubanio.com/view/photo/s_ratio_poster/public/p2209602029.jpg,8.0,后天,211788,178
https://img3.doubanio.com/view/photo/s_ratio_poster/public/p1076818175.jpg,8.0,加勒比海盗3：世界的尽头,187106,179
https://img1.doubanio.com/view/photo/s_ratio_poster/public/p2327947377.jpg,8.0,树大招风,117667,180
https://img3.doubanio.com/view/photo/s_ratio_poster/public/p2265025290.jpg,8.0,暗杀,110534,181
https://img3.doubanio.com/view/photo/s_ratio_poster/public/p1542714672.jpg,8.0,暴力街区,76198,182
https://img3.doubanio.com/view/photo/s_ratio_poster/public/p1640827366.jpg,8.0,天生杀人狂,75960,183
https://img3.doubanio.com/view/photo/s_ratio_poster/public/p2257174963.jpg,8.0,秘密特工,75597,184
https://img3.doubanio.com/view/photo/s_ratio_poster/public/p1530913993.jpg,8.0,勇敢者的游戏,75287,185
https://img1.doubanio.com/view/photo/s_ratio_poster/public/p798529167.jpg,8.0,生死时速,72466,186
https://img3.doubanio.com/view/photo/s_ratio_poster/public/p2308392633.jpg,8.0,星球大战前传1：幽灵的威胁,62281,187
https://img1.doubanio.com/view/photo/s_ratio_poster/public/p480880157.jpg,8.0,未知死亡,55015,188
https://img3.doubanio.com/view/photo/s_ratio_poster/public/p2417949761.jpg,8.0,乐高蝙蝠侠大电影,34201,189
https://img3.doubanio.com/view/photo/s_ratio_poster/public/p2170861821.jpg,8.0,孤独的幸存者,30723,190
https://img3.doubanio.com/view/photo/s_ratio_poster/public/p2212204532.jpg,8.0,天若有情,29058,191
https://img3.doubanio.com/view/photo/s_ratio_poster/public/p764956816.jpg,8.0,座头市,25644,192
https://img1.doubanio.com/view/photo/s_ratio_poster/public/p1622684528.jpg,8.0,囚室211,25353,193
https://img3.doubanio.com/view/photo/s_ratio_poster/public/p805294540.jpg,8.0,亡命天涯,21440,194
https://img3.doubanio.com/view/photo/s_ratio_poster/public/p2202613921.jpg,8.0,魁拔Ⅲ战神崛起,19754,195
https://img3.doubanio.com/view/photo/s_ratio_poster/public/p2165557623.jpg,8.0,刀,18449,196
https://img3.doubanio.com/view/photo/s_ratio_poster/public/p671387714.jpg,8.0,实尾岛,17889,197
https://img3.doubanio.com/view/photo/s_ratio_poster/public/p2257978711.jpg,8.0,飞天小女警 剧场版,16676,198
https://img3.doubanio.com/view/photo/s_ratio_poster/public/p2162824852.jpg,8.0,蝙蝠侠：黑暗骑士归来(上),13711,199
https://img1.doubanio.com/view/photo/s_ratio_poster/public/p1210003878.jpg,8.0,少年菀得,10638,200
https://img3.doubanio.com/view/photo/s_ratio_poster/public/p1910917224.jpg,8.0,佐罗,10413,201
https://img3.doubanio.com/view/photo/s_ratio_poster/public/p2254482511.jpg,8.0,龙门客栈,6285,202
https://img1.doubanio.com/view/photo/s_ratio_poster/public/p1011861089.jpg,8.0,新独臂刀,5021,203
https://img3.doubanio.com/view/photo/s_ratio_poster/public/p2201840832.jpg,8.0,野鹅敢死队,4985,204
https://img3.doubanio.com/view/photo/s_ratio_poster/public/p2368827266.jpg,8.0,蝙蝠侠：元年,4422,205
https://img1.doubanio.com/view/photo/s_ratio_poster/public/p1466805847.jpg,8.0,天劫余生,3715,206
https://img3.doubanio.com/view/photo/s_ratio_poster/public/p915459840.jpg,8.0,痛击,3453,207
https://img3.doubanio.com/view/photo/s_ratio_poster/public/p2304362262.jpg,8.0,侠僧探案传奇之大夜叉,2680,208
https://img3.doubanio.com/view/photo/s_ratio_poster/public/p2252927602.jpg,8.0,笑破铁幕,2655,209
https://img3.doubanio.com/view/photo/s_ratio_poster/public/p2495086743.jpg,8.0,血洗鳄鱼仇,1684,210
https://img3.doubanio.com/view/photo/s_ratio_poster/public/p2352116293.jpg,8.0,达摩祖师,1646,211
https://img1.doubanio.com/view/photo/s_ratio_poster/public/p1597238857.jpg,7.9,功夫熊猫,298415,212
https://img3.doubanio.com/view/photo/s_ratio_poster/public/p2174824694.jpg,7.9,美国队长2,217563,213
https://img3.doubanio.com/view/photo/s_ratio_poster/public/p1507810991.jpg,7.9,卧虎藏龙,176653,214
https://img1.doubanio.com/view/photo/s_ratio_poster/public/p767619568.jpg,7.9,疯狂的赛车,174364,215
https://img3.doubanio.com/view/photo/s_ratio_poster/public/p453512941.jpg,7.9,黑衣人,156813,216
https://img3.doubanio.com/view/photo/s_ratio_poster/public/p1907669506.jpg,7.9,星际迷航2：暗黑无界,150273,217
https://img3.doubanio.com/view/photo/s_ratio_poster/public/p691069814.jpg,7.9,我，机器人,141048,218
https://img3.doubanio.com/view/photo/s_ratio_poster/public/p453518655.jpg,7.9,独立日,138410,219
https://img1.doubanio.com/view/photo/s_ratio_poster/public/p2167017148.jpg,7.9,超人总动员,129800,220
https://img3.doubanio.com/view/photo/s_ratio_poster/public/p1660124103.jpg,7.9,碟中谍,128094,221
https://img3.doubanio.com/view/photo/s_ratio_poster/public/p2217639745.jpg,7.9,第五元素,127628,222
https://img3.doubanio.com/view/photo/s_ratio_poster/public/p1973370351.jpg,7.9,十一罗汉,104725,223
https://img1.doubanio.com/view/photo/s_ratio_poster/public/p455376387.jpg,7.9,星际迷航,99083,224
https://img3.doubanio.com/view/photo/s_ratio_poster/public/p511430453.jpg,7.9,终结者,96843,225
https://img1.doubanio.com/view/photo/s_ratio_poster/public/p2204664707.jpg,7.9,黄飞鸿,61760,226
https://img3.doubanio.com/view/photo/s_ratio_poster/public/p2184040673.jpg,7.9,异形2,61350,227
https://img1.doubanio.com/view/photo/s_ratio_poster/public/p657278407.jpg,7.9,危情三日,60013,228
https://img3.doubanio.com/view/photo/s_ratio_poster/public/p2151061551.jpg,7.9,狗咬狗,41962,229
https://img3.doubanio.com/view/photo/s_ratio_poster/public/p2457784081.jpg,7.9,少林寺,36155,230
https://img3.doubanio.com/view/photo/s_ratio_poster/public/p912245002.jpg,7.9,精英部队,27544,231
https://img3.doubanio.com/view/photo/s_ratio_poster/public/p443323143.jpg,7.9,决战犹马镇,24058,232
https://img3.doubanio.com/view/photo/s_ratio_poster/public/p734370021.jpg,7.9,猎杀U-571,23249,233
https://img3.doubanio.com/view/photo/s_ratio_poster/public/p1388203054.jpg,7.9,僵尸先生,19458,234
https://img3.doubanio.com/view/photo/s_ratio_poster/public/p1710215706.jpg,7.9,警戒结束,18573,235
https://img3.doubanio.com/view/photo/s_ratio_poster/public/p2201837965.jpg,7.9,斯巴达克斯,6263,236
https://img3.doubanio.com/view/photo/s_ratio_poster/public/p1273032312.jpg,7.9,红潮风暴,5731,237
https://img3.doubanio.com/view/photo/s_ratio_poster/public/p2199773386.jpg,7.9,洛奇3,5237,238
https://img3.doubanio.com/view/photo/s_ratio_poster/public/p1899171406.jpg,7.9,势不两立,4111,239
https://img1.doubanio.com/view/photo/s_ratio_poster/public/p2342476299.jpg,7.9,省港旗兵4：地下通道,2720,240
https://img3.doubanio.com/view/photo/s_ratio_poster/public/p1130311632.jpg,7.9,飞出个未来大电影3：班德的游戏,2530,241
https://img1.doubanio.com/view/photo/s_ratio_poster/public/p1682312518.jpg,7.9,跳跃大搜查线最终篇：新的希望,2154,242
https://img1.doubanio.com/view/photo/s_ratio_poster/public/p1561041058.jpg,7.9,天与地,2097,243
https://img3.doubanio.com/view/photo/s_ratio_poster/public/p1664377900.jpg,7.9,报仇,1807,244
https://img1.doubanio.com/view/photo/s_ratio_poster/public/p2288982229.jpg,7.9,第一类型危险,1659,245
https://img3.doubanio.com/view/photo/s_ratio_poster/public/p1407499775.jpg,7.9,猫头鹰,1584,246
https://img3.doubanio.com/view/photo/s_ratio_poster/public/p2256585084.jpg,7.9,众神与将军,1264,247
https://img3.doubanio.com/view/photo/s_ratio_poster/public/p1505525234.jpg,7.9,铁十字勋章,1046,248
https://img3.doubanio.com/view/photo/s_ratio_poster/public/p2217557172.jpg,7.8,一代宗师,289179,249
https://img3.doubanio.com/view/photo/s_ratio_poster/public/p725871004.jpg,7.8,钢铁侠,221680,250
https://img3.doubanio.com/view/photo/s_ratio_poster/public/p2352321614.jpg,7.8,X战警：天启,198170,251
https://img1.doubanio.com/view/photo/s_ratio_poster/public/p2208185679.jpg,7.8,食神,188502,252
https://img3.doubanio.com/view/photo/s_ratio_poster/public/p2177130090.jpg,7.8,金刚,172670,253
https://img3.doubanio.com/view/photo/s_ratio_poster/public/p2043441362.jpg,7.8,变相怪杰,151122,254
https://img3.doubanio.com/view/photo/s_ratio_poster/public/p1655229345.jpg,7.8,鹿鼎记,138083,255
https://img1.doubanio.com/view/photo/s_ratio_poster/public/p1599699269.jpg,7.8,无间道3：终极无间,130886,256
https://img3.doubanio.com/view/photo/s_ratio_poster/public/p1910897532.jpg,7.8,杀死比尔2,121174,257
https://img3.doubanio.com/view/photo/s_ratio_poster/public/p2174120073.jpg,7.8,生化危机,120735,258
https://img3.doubanio.com/view/photo/s_ratio_poster/public/p2052557343.jpg,7.8,激战,109798,259
